ideCadastro;Nome_deputado;Partido;UF;cat_cargo_titusup
220593;Abilio Brunini;PL;MT;Titular
204379;Acácio Favacho;MDB;AP;Titular
220714;Adail Filho;REPUBLICANOS;AM;Titular
204560;Adolfo Viana;PSDB;BA;Titular
204528;Adriana Ventura;NOVO;SP;Titular
121948;Adriano do Baldy;PP;GO;Titular
74646;Aécio Neves;PSDB;MG;Titular
160508;Afonso Florence;PT;BA;Titular
136811;Afonso Hamm;PP;RS;Titular
178835;Afonso Motta;PDT;RS;Titular
160527;Aguinaldo Ribeiro;PP;PB;Titular
204495;Airton Faleiro;PT;PA;Titular
204549;AJ Albuquerque;PP;CE;Titular
73579;Alberto Fraga;PL;DF;Titular
74696;Alberto Mourão;MDB;SP;Titular
220538;Albuquerque;REPUBLICANOS;RR;Titular
160559;Alceu Moreira;MDB;RS;Titular
204501;Alencar Santana;PT;SP;Titular
178972;Alex Manente;CIDADANIA;SP;Titular
204571;Alex Santana;REPUBLICANOS;BA;Titular
220542;Alexandre Guimarães;MDB;TO;Titular
160545;Alexandre Leite;UNIÃO;SP;Titular
220554;Alexandre Lindenmeyer;PT;RS;Titular
204503;Alexandre Padilha;PT;SP;Titular
220576;Alfredo Gaspar;UNIÃO;AL;Titular
74057;Alice Portugal;PCdoB;BA;Titular
178927;Aliel Machado;PV;PR;Titular
178937;Altineu Côrtes;PL;RJ;Titular
178881;Aluisio Mendes;REPUBLICANOS;MA;Titular
220596;Amália Barros;PL;MT;Titular
220707;Amanda Gentil;PP;MA;Titular
204356;Amaro Neto;REPUBLICANOS;ES;Titular
220715;Amom Mandel;CIDADANIA;AM;Titular
107970;Ana Paula Leão;PP;MG;Titular
220556;Ana Paula Lima;PT;SC;Titular
220632;Ana Pimentel;PT;MG;Titular
220657;André Fernandes;PL;CE;Titular
204423;André Ferreira;PL;PE;Titular
133439;André Figueiredo;PDT;CE;Titular
178882;André Fufuca;PP;MA;Titular
204515;André Janones;AVANTE;MG;Titular
220676;Andreia Siqueira;MDB;PA;Titular
123756;Antônia Lúcia;REPUBLICANOS;AC;Titular
220544;Antonio Andrade;REPUBLICANOS;TO;Titular
160553;Antonio Brito;PSD;BA;Titular
220638;Antonio Carlos Rodrigues;PL;SP;Titular
220675;Antônio Doido;MDB;PA;Titular
220549;Any Ortiz;CIDADANIA;RS;Titular
73433;Arlindo Chinaglia;PT;SP;Titular
141391;Arnaldo Jardim;CIDADANIA;SP;Titular
160541;Arthur Lira;PP;AL;Titular
160600;Arthur Oliveira Maia;UNIÃO;BA;Titular
74090;Átila Lins;PSD;AM;Titular
123086;Átila Lira;PP;PI;Titular
160665;Augusto Coutinho;REPUBLICANOS;PE;Titular
220577;Augusto Puppio;MDB;AP;Titular
160512;Aureo Ribeiro;SOLIDARIEDADE;RJ;Titular
69871;Bacelar;PV;BA;Titular
178975;Baleia Rossi;MDB;SP;Titular
220605;Bandeira de Mello;PSB;RJ;Titular
220612;Bebeto;PP;RJ;Titular
73701;Benedita da Silva;PT;RJ;Titular
109429;Benes Leocádio;UNIÃO;RN;Titular
204358;Beto Pereira;PSDB;MS;Titular
220698;Beto Preto;PSD;PR;Titular
220683;Beto Richa;PSDB;PR;Titular
204374;Bia Kicis;PL;DF;Titular
204388;Bibo Nunes;PL;RS;Titular
160538;Bohn Gass;PT;RS;Titular
210989;Bruno Farias;AVANTE;MG;Titular
220635;Bruno Ganem;PODE;SP;Titular
220574;Cabo Gilberto Silva;PL;PB;Titular
220548;Camila Jara;PT;MS;Titular
204572;Capitão Alberto Neto;PL;AM;Titular
220690;Capitão Alden;PL;BA;Titular
178829;Capitão Augusto;PL;SP;Titular
204507;Carla Zambelli;PL;SP;Titular
204361;Carlos Chiodini;MDB;SC;Titular
178962;Carlos Gomes;REPUBLICANOS;RS;Titular
178993;Carlos Henrique Gaguim;UNIÃO;TO;Titular
204460;Carlos Jordy;PL;RJ;Titular
74262;Carlos Sampaio;PSD;SP;Titular
204426;Carlos Veras;PT;PE;Titular
141398;Carlos Zarattini;PT;SP;Titular
164360;Carmen Zanotto;CIDADANIA;SC;Titular
220704;Carol Dartora;PT;PR;Titular
204369;Caroline de Toni;PL;SC;Titular
220699;Castro Neto;PSD;PI;Titular
206018;Célia Xakriabá;PSOL;MG;Titular
178876;Célio Silveira;MDB;GO;Titular
204488;Célio Studart;PSD;CE;Titular
73441;Celso Russomanno;REPUBLICANOS;SP;Titular
204496;Celso Sabino;UNIÃO;PA;Titular
204504;Cezinha de Madureira;PSD;SP;Titular
74171;Chico Alencar;PSOL;RJ;Titular
204476;Chiquinho Brazão;S.PART.;RJ;Titular
204462;Chris Tonietto;PL;RJ;Titular
220665;Clarissa Tércio;PP;PE;Titular
74537;Claudio Cajado;PP;BA;Titular
141408;Cleber Verde;MDB;MA;Titular
88256;Clodoaldo Magalhães;PV;PE;Titular
98148;Cobalchini;MDB;SC;Titular
220594;Coronel Assis;UNIÃO;MT;Titular
204378;Coronel Chrisóstomo;PL;RO;Titular
220595;Coronel Fernanda;PL;MT;Titular
220666;Coronel Meira;PL;PE;Titular
220590;Coronel Ulysses;UNIÃO;AC;Titular
178963;Covatti Filho;PP;RS;Titular
220608;Cristiane Lopes;UNIÃO;RO;Titular
204355;Da Vitoria;PP;ES;Titular
141411;Dagoberto Nogueira;PSDB;MS;Titular
220555;Daiana Santos;PCdoB;RS;Titular
220692;Dal Barreto;UNIÃO;BA;Titular
74467;Damião Feliciano;UNIÃO;PB;Titular
220629;Dandara;PT;MG;Titular
220603;Dani Cunha;UNIÃO;RJ;Titular
220571;Daniel Agrobom;PL;GO;Titular
74060;Daniel Almeida;PCdoB;BA;Titular
220582;Daniel Barbosa;PP;AL;Titular
204367;Daniel Freitas;PL;SC;Titular
204409;Daniel Trzeciak;PSDB;RS;Titular
204459;Daniela do Waguinho;UNIÃO;RJ;Titular
220557;Daniela Reinehr;PL;SC;Titular
62881;Danilo Forte;UNIÃO;CE;Titular
160552;Danrlei de Deus Hinterholz;PSD;RS;Titular
204511;David Soares;UNIÃO;SP;Titular
220659;Dayany Bittencourt;UNIÃO;CE;Titular
220539;Defensor Stélio Dener;REPUBLICANOS;RR;Titular
220565;Delegada Adriana Accorsi;PT;GO;Titular
220625;Delegada Ione;AVANTE;MG;Titular
220561;Delegada Katarina;PSD;SE;Titular
220642;Delegado Bruno Lima;PP;SP;Titular
220673;Delegado Caveira;PL;PA;Titular
220649;Delegado da Cunha;PP;SP;Titular
178908;Delegado Éder Mauro;PL;PA;Titular
220583;Delegado Fabio Costa;PP;AL;Titular
204512;Delegado Marcelo Freitas;UNIÃO;MG;Titular
220701;Delegado Matheus Laiola;UNIÃO;PR;Titular
220652;Delegado Palumbo;MDB;SP;Titular
220654;Delegado Paulo Bilynskyj;PL;SP;Titular
220619;Delegado Ramagem;PL;RJ;Titular
220705;Deltan Dallagnol;PODE;PR;Titular
220553;Denise Pessôa;PT;RS;Titular
220689;Detinha;PL;MA;Titular
160588;Diego Andrade;PSD;MG;Titular
220691;Diego Coronel;PSD;BA;Titular
178929;Diego Garcia;REPUBLICANOS;PR;Titular
73768;Dilceu Sperafico;PP;PR;Titular
220671;Dilvanda Faro;PT;PA;Titular
160599;Dimas Fabiano;PP;MG;Titular
220602;Dimas Gadelha;PT;RJ;Titular
143632;Domingos Neto;PSD;CE;Titular
160758;Domingos Sávio;PL;MG;Titular
220573;Dorinaldo Malafaia;PDT;AP;Titular
204450;Doutor Luizinho;PP;RJ;Titular
220614;Dr. Daniel Soranz;PSD;RJ;Titular
220610;Dr. Fernando Máximo;UNIÃO;RO;Titular
220688;Dr. Francisco;PT;PI;Titular
204518;Dr. Frederico;PRD;MG;Titular
220570;Dr. Ismael Alexandrino;PSD;GO;Titular
204481;Dr. Jaziel;PL;CE;Titular
204351;Dr. Luiz Ovando;PP;MS;Titular
220528;Dr. Victor Linhalis;PODE;ES;Titular
204412;Dr. Zacharias Calil;UNIÃO;GO;Titular
220674;Dra. Alessandra Haber;MDB;PA;Titular
220686;Duarte Jr.;PSB;MA;Titular
220540;Duda Ramos;MDB;RR;Titular
220623;Duda Salabert;PDT;MG;Titular
204541;Eduardo Bismarck;PDT;CE;Titular
92346;Eduardo Bolsonaro;PL;SP;Titular
141421;Eduardo da Fonte;PP;PE;Titular
220589;Eduardo Velloso;UNIÃO;AC;Titular
74075;Elcione Barbalho;MDB;PA;Titular
204364;Eli Borges;PL;TO;Titular
178854;Elmar Nascimento;UNIÃO;BA;Titular
198783;Emanuel Pinheiro Neto;MDB;MT;Titular
161550;Emidinho Madeira;PL;MG;Titular
132504;Enio Verri;PT;PR;Titular
220663;Eriberto Medeiros;PSB;PE;Titular
220645;Erika Hilton;PSOL;SP;Titular
160575;Erika Kokay;PT;DF;Titular
160640;Eros Biondini;PL;MG;Titular
204482;Euclydes Pettersen;REPUBLICANOS;MG;Titular
74454;Eunício Oliveira;MDB;CE;Titular
178871;Evair Vieira de Melo;PP;ES;Titular
178905;Fabio Garcia;UNIÃO;MT;Titular
220681;Fábio Macedo;PODE;MA;Titular
171623;Fabio Reis;PSD;SE;Titular
204368;Fabio Schiochet;UNIÃO;SC;Titular
220653;Fábio Teruel;MDB;SP;Titular
66828;Fausto Pinato;PP;SP;Titular
220712;Fausto Santos Jr.;UNIÃO;AM;Titular
220646;Felipe Becari;UNIÃO;SP;Titular
72442;Felipe Carreras;PSB;PE;Titular
204398;Felipe Francischini;UNIÃO;PR;Titular
160666;Félix Mendonça Júnior;PDT;BA;Titular
204407;Fernanda Melchionna;PSOL;RS;Titular
220656;Fernanda Pessoa;UNIÃO;CE;Titular
141431;Fernando Coelho Filho;UNIÃO;PE;Titular
204445;Fernando Mineiro;PT;RN;Titular
92699;Fernando Monteiro;REPUBLICANOS;PE;Titular
204427;Fernando Rodolfo;PL;PE;Titular
204411;Filipe Barros;PL;PR;Titular
220545;Filipe Martins;PL;TO;Titular
160598;Flávia Morais;PDT;GO;Titular
191923;Flávio Nogueira;PT;PI;Titular
220700;Florentino Neto;PT;PI;Titular
220551;Franciane Bayer;REPUBLICANOS;RS;Titular
204494;Fred Costa;PRD;MG;Titular
220534;Fred Linhares;REPUBLICANOS;DF;Titular
220708;Gabriel Nunes;PSD;BA;Titular
204473;General Girão;PL;RN;Titular
220611;General Pazuello;PL;RJ;Titular
220702;Geraldo Mendes;UNIÃO;PR;Titular
74374;Geraldo Resende;PSDB;MS;Titular
220587;Gerlen Diniz;PP;AC;Titular
204394;Gervásio Maia;PSB;PB;Titular
74383;Giacobo;PL;PR;Titular
204491;Gilberto Abramo;REPUBLICANOS;MG;Titular
74270;Gilberto Nascimento;PSD;SP;Titular
220529;Gilson Daniel;PODE;ES;Titular
204365;Gilson Marques;NOVO;SC;Titular
220526;Gilvan da Federal;PL;ES;Titular
220531;Gilvan Maximo;REPUBLICANOS;DF;Titular
160673;Giovani Cherini;PL;RS;Titular
152605;Glauber Braga;PSOL;RJ;Titular
204419;Glaustin da Fokus;PODE;GO;Titular
107283;Gleisi Hoffmann;PT;PR;Titular
198197;Greyce Elias;AVANTE;MG;Titular
220639;Guilherme Boulos;PSOL;SP;Titular
204531;Guilherme Derrite;PL;SP;Titular
220664;Guilherme Uchoa;PSB;PE;Titular
220568;Gustavo Gayer;PL;GO;Titular
204408;Gustinho Ribeiro;REPUBLICANOS;SE;Titular
204456;Gutemberg Reis;MDB;RJ;Titular
178964;Heitor Schuch;PSB;RS;Titular
178873;Helder Salomão;PT;ES;Titular
220537;Helena Lima;MDB;RR;Titular
204444;Helio Lopes;PL;RJ;Titular
220672;Henderson Pinto;MDB;PA;Titular
204539;Hercílio Coelho Diniz;MDB;MG;Titular
141450;Hugo Leal;PSD;RJ;Titular
160674;Hugo Motta;REPUBLICANOS;PB;Titular
220563;Icaro de Valmir;PL;SE;Titular
204533;Idilvan Alencar;PDT;CE;Titular
204508;Igor Timo;PSD;MG;Titular
98615;Ismael;PSD;SC;Titular
204436;Isnaldo Bulhões Jr.;MDB;AL;Titular
220696;Ivoneide Caetano;PT;BA;Titular
220670;Iza Arruda;MDB;PE;Titular
220527;Jack Rocha;PT;ES;Titular
220697;Jadyel Alencar;REPUBLICANOS;PI;Titular
74848;Jandira Feghali;PCdoB;RJ;Titular
220567;Jeferson Rodrigues;REPUBLICANOS;GO;Titular
74273;Jefferson Campos;PL;SP;Titular
160531;Jhonatan de Jesus;REPUBLICANOS;RR;Titular
141456;Jilmar Tatto;PT;SP;Titular
141458;João Carlos Bacelar;PL;BA;Titular
178970;João Daniel;PT;SE;Titular
74550;João Leão;PP;BA;Titular
141459;João Maia;PP;RN;Titular
178910;Joaquim Passarinho;PL;PA;Titular
160548;Jonas Donizette;PSB;SP;Titular
205550;Jorge Braz;REPUBLICANOS;RJ;Titular
214694;Jorge Goetten;REPUBLICANOS;SC;Titular
178857;Jorge Solla;PT;BA;Titular
141464;José Airton Félix Cirilo;PT;CE;Titular
141470;José Guimarães;PT;CE;Titular
204472;José Medeiros;PL;MT;Titular
204391;José Nelto;UNIÃO;GO;Titular
74079;José Priante;MDB;PA;Titular
74554;José Rocha;UNIÃO;BA;Titular
209189;Joseildo Ramos;PT;BA;Titular
220578;Josenildo;PDT;AP;Titular
204563;Josimar Maranhãozinho;PL;MA;Titular
215043;Josivaldo JP;PSD;MA;Titular
204474;Juarez Costa;MDB;MT;Titular
220559;Julia Zanatta;PL;SC;Titular
220640;Juliana Cardoso;PT;SP;Titular
66385;Julio Arcoverde;PP;PI;Titular
74317;Júlio Cesar;PSD;PI;Titular
204372;Julio Cesar Ribeiro;REPUBLICANOS;DF;Titular
74253;Julio Lopes;PP;RJ;Titular
204457;Juninho do Pneu;UNIÃO;RJ;Titular
204520;Junio Amaral;PL;MG;Titular
204497;Júnior Ferrari;PSD;PA;Titular
204574;Junior Lourenço;PL;MA;Titular
204550;Júnior Mano;PSB;CE;Titular
178886;Juscelino Filho;UNIÃO;MA;Titular
220677;Keniston Braga;MDB;PA;Titular
162067;Kiko Celeguim;PT;SP;Titular
204536;Kim Kataguiri;UNIÃO;SP;Titular
98057;Lafayette de Andrada;REPUBLICANOS;MG;Titular
74856;Laura Carneiro;PSD;RJ;Titular
141480;Lázaro Botelho;PP;TO;Titular
178832;Leandre;PSD;PR;Titular
220600;Lebrão;UNIÃO;RO;Titular
220566;Lêda Borges;PSDB;GO;Titular
80815;Leo Prates;PDT;BA;Titular
74156;Leonardo Monteiro;PT;MG;Titular
92102;Leur Lomanto Júnior;UNIÃO;BA;Titular
139285;Lídice da Mata;PSB;BA;Titular
74585;Lincoln Portela;PL;MG;Titular
74858;Lindbergh Farias;PT;RJ;Titular
220662;Lucas Ramos;PSB;PE;Titular
204404;Lucas Redecker;PSDB;RS;Titular
220581;Luciano Amaral;PSD;AL;Titular
74478;Luciano Bivar;UNIÃO;PE;Titular
178931;Luciano Ducci;PSB;PR;Titular
220616;Luciano Vieira;REPUBLICANOS;RJ;Titular
178954;Lucio Mosquini;MDB;RO;Titular
160510;Luis Tibé;AVANTE;MG;Titular
204410;Luisa Canziani;PSD;PR;Titular
141485;Luiz Carlos Busato;UNIÃO;RS;Titular
204485;Luiz Carlos Motta;PL;SP;Titular
74041;Luiz Couto;PT;PB;Titular
141487;Luiz Fernando Faria;PSD;MG;Titular
220658;Luiz Gastão;PSD;CE;Titular
204455;Luiz Lima;NOVO;RJ;Titular
220636;Luiz Marinho;PT;SP;Titular
162332;Luiz Nishimori;PSD;PR;Titular
204526;Luiz Philippe de Orleans e Bragança;PL;SP;Titular
74784;Luiza Erundina;PSOL;SP;Titular
178866;Luizianne Lins;PT;CE;Titular
220669;Lula da Fonte;PP;PE;Titular
166402;Magda Mofatto;PRD;GO;Titular
220648;Marangoni;UNIÃO;SP;Titular
156190;Marcel van Hattem;NOVO;RS;Titular
179000;Marcelo Álvaro Antônio;PL;MG;Titular
220599;Marcelo Crivella;REPUBLICANOS;RJ;Titular
220634;Marcelo Lima;PSB;SP;Titular
133810;Marcelo Moraes;PL;RS;Titular
160161;Marcelo Queiroz;PSDB;RJ;Titular
178983;Marcio Alvino;PL;SP;Titular
179001;Márcio Biolchi;MDB;RS;Titular
220687;Márcio Honaiser;PDT;MA;Titular
81055;Márcio Jerry;PCdoB;MA;Titular
150418;Márcio Marinho;REPUBLICANOS;BA;Titular
204522;Marco Bertaiolli;PSD;SP;Titular
160535;Marcon;PT;RS;Titular
204431;Marcos Aurélio Sampaio;PSD;PI;Titular
204506;Marcos Pereira;REPUBLICANOS;SP;Titular
220547;Marcos Pollon;PL;MS;Titular
178943;Marcos Soares;UNIÃO;RJ;Titular
220604;Marcos Tavares;PDT;RJ;Titular
220668;Maria Arraes;SOLIDARIEDADE;PE;Titular
74398;Maria do Rosário;PT;RS;Titular
204540;Maria Rosas;REPUBLICANOS;SP;Titular
220637;Marina Silva;REDE;SP;Titular
220655;Mario Frias;PL;SP;Titular
74158;Mário Heringer;PDT;MG;Titular
178858;Mário Negromonte Jr.;PP;BA;Titular
204566;Marreca Filho;PRD;MA;Titular
220572;Marussa Boldrin;MDB;GO;Titular
178843;Marx Beltrão;PP;AL;Titular
220661;Matheus Noronha;PL;CE;Titular
220609;Maurício Carvalho;UNIÃO;RO;Titular
220628;Mauricio do Vôlei;PL;MG;Titular
220550;Mauricio Marcon;PODE;RS;Titular
220647;Mauricio Neves;PP;SP;Titular
204486;Mauro Benevides Filho;PDT;CE;Titular
220607;Max Lemos;PDT;RJ;Titular
220591;Meire Serafim;UNIÃO;AC;Titular
74428;Mendonça Filho;UNIÃO;PE;Titular
188097;Merlong Solano;PT;PI;Titular
220585;Mersinho Lucena;PP;PB;Titular
220530;Messias Donato;REPUBLICANOS;ES;Titular
171786;Miguel Ângelo;PT;MG;Titular
178985;Miguel Lombardi;PL;SP;Titular
154178;Milton Vieira;REPUBLICANOS;SP;Titular
178895;Misael Varella;PSD;MG;Titular
178997;Moses Rodrigues;UNIÃO;CE;Titular
220617;Murillo Gouvea;UNIÃO;RJ;Titular
220584;Murilo Galdino;REPUBLICANOS;PB;Titular
204453;Natália Bonavides;PT;RN;Titular
220622;Nely Aquino;PODE;MG;Titular
220703;Neto Carletto;AVANTE;BA;Titular
178896;Newton Cardoso Jr;MDB;MG;Titular
204479;Nicoletti;UNIÃO;RR;Titular
209787;Nikolas Ferreira;PL;MG;Titular
178986;Nilto Tatto;PT;SP;Titular
74159;Odair Cunha;PT;MG;Titular
204498;Olival Marques;MDB;PA;Titular
73692;Osmar Terra;PL;RS;Titular
204441;Otoni de Paula;MDB;RJ;Titular
204573;Otto Alencar Filho;PSD;BA;Titular
220706;Padovani;UNIÃO;PR;Titular
160556;Padre João;PT;MG;Titular
180214;Pastor Diniz;UNIÃO;RR;Titular
160642;Pastor Eurico;PL;PE;Titular
204570;Pastor Gil;PL;MA;Titular
220615;Pastor Henrique Vieira;PSOL;RJ;Titular
204553;Pastor Sargento Isidório;AVANTE;BA;Titular
74160;Patrus Ananias;PT;MG;Titular
171617;Paulão;PT;AL;Titular
220627;Paulinho Freire;UNIÃO;RN;Titular
141516;Paulo Abi;Ackel- PSDB;MG;Titular
220650;Paulo Alexandre Barbosa;PSDB;SP;Titular
178860;Paulo Azi;UNIÃO;BA;Titular
160517;Paulo Folletto;PSB;ES;Titular
160558;Paulo Freire Costa;PL;SP;Titular
204492;Paulo Guedes;PT;MG;Titular
220685;Paulo Litro;PSD;PR;Titular
74574;Paulo Magalhães;PSD;BA;Titular
74400;Paulo Pimenta;PT;RS;Titular
141488;Paulo Teixeira;PT;SP;Titular
220630;Pedro Aihara;PRD;MG;Titular
220667;Pedro Campos;PSB;PE;Titular
122974;Pedro Lucas Fernandes;UNIÃO;MA;Titular
204395;Pedro Lupion;PP;PR;Titular
122158;Pedro Paulo;PSD;RJ;Titular
160604;Pedro Uczai;PT;SC;Titular
204406;Pedro Westphalen;PP;RS;Titular
161440;Pezenti;MDB;SC;Titular
204524;Pinheirinho;PP;MG;Titular
73486;Pompeo de Mattos;PDT;RS;Titular
160601;Pr. Marco Feliciano;PL;SP;Titular
220533;Prof. Reginaldo Veras;PV;DF;Titular
204390;Professor Alcides;PL;GO;Titular
220580;Professora Goreth;PDT;AP;Titular
220586;Rafael Brito;MDB;AL;Titular
220532;Rafael Prudente;MDB;DF;Titular
220626;Rafael Simoes;UNIÃO;MG;Titular
204567;Raimundo Costa;PODE;BA;Titular
74084;Raimundo Santos;PSD;PA;Titular
74161;Reginaldo Lopes;PT;MG;Titular
220606;Reimont;PT;RJ;Titular
178989;Renata Abreu;PODE;SP;Titular
153423;Renilce Nicodemos;MDB;PA;Titular
73801;Renildo Calheiros;PCdoB;PE;Titular
220543;Ricardo Ayres;REPUBLICANOS;TO;Titular
73788;Ricardo Barros;PP;PR;Titular
204362;Ricardo Guidi;PL;SC;Titular
220694;Ricardo Maia;MDB;BA;Titular
220633;Ricardo Salles;NOVO;SP;Titular
213274;Ricardo Silva;PSD;SP;Titular
204489;Robério Monteiro;PDT;CE;Titular
220693;Roberta Roma;PL;BA;Titular
220588;Roberto Duarte;REPUBLICANOS;AC;Titular
220613;Roberto Monteiro Pai;PL;RJ;Titular
220624;Robinson Faria;PP;RN;Titular
220546;Rodolfo Nogueira;PL;MS;Titular
141531;Rodrigo de Castro;UNIÃO;MG;Titular
220641;Rodrigo Gambale;PODE;SP;Titular
165470;Rodrigo Valadares;UNIÃO;SE;Titular
220695;Rogéria Santos;REPUBLICANOS;BA;Titular
204480;Rogério Correia;PT;MG;Titular
160629;Romero Rodrigues;PODE;PB;Titular
204525;Rosana Valle;PL;SP;Titular
178945;Rosangela Gomes;REPUBLICANOS;RJ;Titular
220644;Rosangela Moro;UNIÃO;SP;Titular
220620;Rosângela Reis;PL;MG;Titular
73806;Roseana Sarney;MDB;MA;Titular
74371;Rubens Otoni;PT;GO;Titular
178887;Rubens Pereira Júnior;PT;MA;Titular
73604;Rui Falcão;PT;SP;Titular
160635;Ruy Carneiro;PODE;PB;Titular
204535;Sâmia Bomfim;PSOL;SP;Titular
220631;Samuel Viana;REPUBLICANOS;MG;Titular
204416;Sanderson;PL;RS;Titular
160621;Sandro Alex;PSD;PR;Titular
204387;Sargento Fahur;PSD;PR;Titular
220621;Sargento Gonçalves;PL;RN;Titular
220618;Sargento Portugal;PODE;RJ;Titular
220713;Saullo Vianna;UNIÃO;AM;Titular
73808;Sérgio Brito;PSD;BA;Titular
178933;Sergio Souza;MDB;PR;Titular
204557;Sidney Leite;PSD;AM;Titular
74356;Silas Câmara;REPUBLICANOS;AM;Titular
204360;Silvia Cristina;PP;RO;Titular
220579;Silvia Waiãpi;PL;AP;Titular
204425;Silvio Costa Filho;REPUBLICANOS;PE;Titular
220569;Silvye Alves;UNIÃO;GO;Titular
220651;Simone Marquetto;MDB;SP;Titular
104552;Socorro Neri;PP;AC;Titular
220643;Sônia Guajajara;PSOL;SP;Titular
220575;Sonize Barbosa;PL;AP;Titular
178946;Soraya Santos;PL;RJ;Titular
178947;Sóstenes Cavalcante;PL;RJ;Titular
92776;Stefano Aguiar;PSD;MG;Titular
204534;Tabata Amaral;PSB;SP;Titular
220682;Tadeu Veneri;PT;PR;Titular
204464;Talíria Petrone;PSOL;RJ;Titular
220598;Tarcísio Motta;PSOL;RJ;Titular
220560;Thiago de Joaldo;PP;SE;Titular
220597;Thiago Flores;REPUBLICANOS;RO;Titular
220684;Tião Medeiros;PP;PR;Titular
160976;Tiririca;PL;SP;Titular
178934;Toninho Wandscheer;PP;PR;Titular
157130;Túlio Gadêlha;REDE;PE;Titular
160610;Valmir Assunção;PT;BA;Titular
74376;Vander Loubet;PT;MS;Titular
204396;Vermelho;PP;PR;Titular
137070;Vicentinho Júnior;PP;TO;Titular
141555;Vinicius Carvalho;REPUBLICANOS;SP;Titular
160591;Vinicius Gurgel;PL;AP;Titular
178992;Vitor Lippi;PSDB;SP;Titular
91228;Waldemar Oliveira;AVANTE;PE;Titular
160569;Waldenor Pereira;PT;BA;Titular
220601;Washington Quaquá;PT;RJ;Titular
160518;Weliton Prado;SOLIDARIEDADE;MG;Titular
74043;Wellington Roberto;PL;PB;Titular
74044;Wilson Santiago;REPUBLICANOS;PB;Titular
220564;Yandra Moura;UNIÃO;SE;Titular
220660;Yury do Paredão;MDB;CE;Titular
220536;Zé Haroldo Cathedral;PSD;RR;Titular
204559;Zé Neto;PT;BA;Titular
160632;Zé Silva;SOLIDARIEDADE;MG;Titular
220558;Zé Trovão;PL;SC;Titular
204517;Zé Vitor;PL;MG;Titular
160592;Zeca Dirceu;PT;PR;Titular
220592;Zezinho Barbary;PP;AC;Titular
220552;Zucco;PL;RS;Titular
221328;Adilson Barroso;PL;SP;Suplente
178987;Orlando Silva;PCdoB;SP;Suplente
221339;Dr. Benjamim;UNIÃO;MA;Suplente
178966;Geovania de Sá;PSDB;SC;Suplente
73531;Ivan Valente;PSOL;SP;Suplente
221338;Professora Luciene Cavalcante;PSOL;SP;Suplente
221378;Reginete Bispo;PT;RS;Suplente
221329;Ricardo Abrão;UNIÃO;RJ;Suplente
74283;Vicentinho;PT;SP;Suplente
221148;Alfredinho;PT;SP;Suplente
74141;Josias Gomes;PT;BA;Suplente
219585;Marco Brasil;PP;PR;Suplente
205476;Charles Fernandes;PSD;BA;Suplente
222142;Coronel Telhada;PP;SP;Suplente
222429;Luis Carlos Gomes;REPUBLICANOS;RJ;Suplente
204448;Luiz Antonio Corrêa;PP;RJ;Suplente
223128;Rodrigo Estacho;PSD;PR;Suplente
74299;Leônidas Cristino;PDT;CE;Suplente
103758;Luciano Azevedo;PSD;RS;Suplente
89536;Prof. Paulo Fernando;REPUBLICANOS;DF;Suplente
224117;Gabriel Mota;REPUBLICANOS;RR;Suplente
224333;Welter;PT;PR;Suplente
205865;Reinhold Stephanes;PSD;PR;Suplente
138286;Luciano Alves;PSD;PR;Suplente
204433;Marcelo Calero;PSD;RJ;Suplente
143942;Caio Vianna;PSD;RJ;Suplente
225386;Renan Ferreirinha;PSD;RJ;Suplente
217480;Jones Moura;PSD;RJ;Suplente
225727;Flavinha;MDB;MT;Suplente
225730;Enfermeira Ana Paula;PODE;CE;Suplente
73778;Luiz Carlos Hauly;PODE;PR;Suplente
226075;Priscila Costa;PL;CE;Suplente
218086;Ely Santos;REPUBLICANOS;SP;Suplente
226179;Gisela Simona;UNIÃO;MT;Suplente
178909;Hélio Leite;UNIÃO;PA;Suplente
116379;Darci de Matos;PSD;SC;Suplente
226410;Márcio Correa;MDB;GO;Suplente
226553;Eliane Braz;PSD;CE;Suplente
226708;Allan Garcês;PP;MA;Suplente
204422;Ossesio Silva;REPUBLICANOS;PE;Suplente
226837;Saulo Pedroso;PSD;SP;Suplente
163321;Ronaldo Nogueira;REPUBLICANOS;RS;Suplente
227275;Mariana Carvalho;REPUBLICANOS;MA;Suplente
141518;Paulinho da Força;SOLIDARIEDADE;SP;Suplente
128760;Paulo Marinho Jr;PL;MA;Suplente
227310;Silvio Antonio;PL;MA;Suplente
227324;Henrique Júnior;PL;MA;Suplente
227323;Luciano Galego;PL;MA;Suplente
227370;Felipe Saliba;PRD;MG;Suplente
100689;Hildo do Candango;REPUBLICANOS;GO;Suplente
227401;Dr Fabio Rueda;UNIÃO;AC;Suplente
182146;Wolmer Araújo;SOLIDARIEDADE;MA;Suplente
227433;Douglas Viegas;UNIÃO;SP;Suplente
115200;Raniery Paulino;REPUBLICANOS;PB;Suplente
74095;Pauderney Avelino;UNIÃO;AM;Suplente
227660;Nitinho;PSD;SE;Suplente
227800;Duarte Gonçalves Jr;REPUBLICANOS;MG;Suplente
223398;Ulisses Guimarães;MDB;MG;Suplente
228042;Naumi Amorim;PSD;CE;Suplente
228272;Délio Pinheiro;PDT;MG;Suplente
171139;Loreny;SOLIDARIEDADE;SP;Suplente
227991;Dr Flávio;PL;RJ;Suplente
228616;Dr. Remy Soares;PP;MA;Suplente
178884;Hildo Rocha;MDB;MA;Suplente
204449;Nelson Barbudo;PL;MT;Suplente
228797;Júlio Oliveira;PP;TO;Suplente
228837;Juliana Kolankiewicz;MDB;MT;Suplente
228941;Daniel José;PODE;SP;Suplente
229069;Capitão Samuel;PP;SE;Suplente
122195;Leonardo Gadelha;PODE;PB;Suplente
229082;Lucyana Genésio;PDT;MA;Suplente
229112;Pedro Jr;PL;TO;Suplente
229106;Carla Ayres;PT;SC;Suplente
212625;Dr. Gonçalo;PODE;MA;Suplente
220008;Eliza Virgínia;PP;PB;Suplente
229225;Missionária Michele Collins;PP;PE;Suplente
74052;Bosco Costa;PL;SE;Suplente
229259;Pedro Tourinho;PT;SP;Suplente
68720;Fábio Henrique;UNIÃO;SE;Suplente
229333;Gláucia Santiago;PL;MG;Suplente
229432;Luiz Fernando Vampiro;MDB;SC;Suplente
229585;Elisangela Araujo;PT;BA;Suplente
229939;Newton Bonin;UNIÃO;PR;Suplente
230088;Dra. Mayra Pinheiro;PL;CE;Suplente
230177;Tadeu Oliveira;PL;CE;Suplente
175765;Ribamar Silva;PSD;SP;Suplente
230768;Zé Adriano;PP;AC;Suplente
213762;Carla Dickson;UNIÃO;RN;Suplente
230765;Enfermeira Rejane;PCdoB;RJ;Suplente
230764;Ivan Junior;UNIÃO;MA;Suplente
230762;Pastor Claudio Mariano;UNIÃO;PA;Suplente
230767;Rodrigo da Zaeli;PL;MT;Suplente
230957;João Cury;MDB;SP;Suplente
208297;Katia Dias;REPUBLICANOS;MG;Suplente
231911;Lenir de Assis;PT;PR;Suplente
160561;Missionário José Olimpio;PL;SP;Suplente
204376;Coronel Armando;PP;SC;Suplente
