txNomeParlamentar,genero
AJ Albuquerque,H
Abilio Brunini,H
Acácio Favacho,H
Adail Filho,H
Adilson Barroso,H
Adolfo Viana,H
Adriana Ventura,M
Adriano do Baldy,H
Afonso Florence,H
Afonso Hamm,H
Afonso Motta,H
Aguinaldo Ribeiro,H
Airton Faleiro,H
Alberto Fraga,H
Alberto Mourão,H
Albuquerque,H
Alceu Moreira,H
Alencar Santana,H
Alex Manente,H
Alex Santana,H
Alexandre Guimarães,H
Alexandre Leite,H
Alexandre Lindenmeyer,H
Alexandre Padilha,H
Alfredinho,H
Alfredo Gaspar,H
Alice Portugal,M
Aliel Machado,H
Aline Gurgel,M
Allan Garcês,H
Altineu Côrtes,H
Aluisio Mendes,H
Amanda Gentil,M
Amaro Neto,H
Amom Mandel,H
Amália Barros,M
Ana Paula Leão,M
Ana Paula Lima,M
Ana Pimentel,M
Andreia Siqueira,M
André Fernandes,H
André Ferreira,H
André Figueiredo,H
André Fufuca,H
André Janones,H
Antonio Andrade,H
Antonio Brito,H
Antonio Carlos Rodrigues,H
Antônia Lúcia,M
Antônio Doido,H
Any Ortiz,M
Arlindo Chinaglia,H
Arnaldo Jardim,H
Arthur Lira,H
Arthur Oliveira Maia,H
Augusto Coutinho,H
Augusto Puppio,H
Aureo Ribeiro,H
Aécio Neves,H
Bacelar,H
Baleia Rossi,H
Bandeira de Mello,H
Bebeto,H
Benedita da Silva,M
Benes Leocádio,H
Beto Pereira,H
Beto Preto,H
Beto Richa,H
Bia Kicis,M
Bibo Nunes,H
Bohn Gass,H
Bosco Costa,H
Bruno Farias,H
Bruno Ganem,H
Cabo Gilberto Silva,H
Caio Vianna,H
Camila Jara,M
Capitão Alberto Neto,H
Capitão Alden,H
Capitão Augusto,H
Capitão Samuel,H
Carla Ayres,M
Carla Dickson,M
Carla Zambelli,M
Carlos Chiodini,H
Carlos Gomes,H
Carlos Henrique Gaguim,H
Carlos Jordy,H
Carlos Sampaio,H
Carlos Veras,H
Carlos Zarattini,H
Carmen Zanotto,M
Carol Dartora,M
Caroline de Toni,M
Castro Neto,H
Celso Russomanno,H
Celso Sabino,H
Cezinha de Madureira,H
Charles Fernandes,H
Chico Alencar,H
Chiquinho Brazão,H
Chris Tonietto,M
Christiane de Souza Yared,M
Clarissa Tércio,M
Claudio Cajado,H
Cleber Verde,H
Clodoaldo Magalhães,H
Cobalchini,H
Coronel Armando,H
Coronel Assis,H
Coronel Chrisóstomo,H
Coronel Fernanda,H
Coronel Meira,H
Coronel Telhada,H
Coronel Ulysses,H
Covatti Filho,H
Cristiane Lopes,M
Célia Xakriabá,M
Célio Moura,H
Célio Silveira,H
Célio Studart,H
Da Vitoria,H
Dagoberto Nogueira,H
Daiana Santos,M
Dal Barreto,H
Damião Feliciano,H
Dandara,H
Dani Cunha,M
Daniel Agrobom,H
Daniel Almeida,H
Daniel Barbosa,H
Daniel Freitas,H
Daniel José,H
Daniel Trzeciak,H
Daniela Reinehr,M
Daniela do Waguinho,M
Danilo Forte,H
Danrlei de Deus Hinterholz,H
Darci de Matos,H
David Soares,H
Dayany Bittencourt,M
Defensor Stélio Dener,H
Delegada Adriana Accorsi,M
Delegada Ione,M
Delegada Katarina,M
Delegado Bruno Lima,H
Delegado Caveira,H
Delegado Fabio Costa,H
Delegado Marcelo Freitas,H
Delegado Matheus Laiola,H
Delegado Palumbo,H
Delegado Paulo Bilynskyj,H
Delegado Ramagem,H
Delegado da Cunha,H
Delegado Éder Mauro,H
Deltan Dallagnol,H
Denise Pessôa,M
Detinha,M
Diego Andrade,H
Diego Coronel,H
Diego Garcia,H
Dilceu Sperafico,H
Dilvanda Faro,M
Dimas Fabiano,H
Dimas Gadelha,H
Domingos Neto,H
Domingos Sávio,H
Dorinaldo Malafaia,H
Douglas Viegas,H
Doutor Luizinho,H
Dr Fabio Rueda,H
Dr Flávio,H
Dr. Benjamim,H
Dr. Daniel Soranz,H
Dr. Fernando Máximo,H
Dr. Francisco,H
Dr. Frederico,H
Dr. Gonçalo,H
Dr. Ismael Alexandrino,H
Dr. Jaziel,H
Dr. Luiz Ovando,H
Dr. Remy Soares,H
Dr. Victor Linhalis,H
Dr. Zacharias Calil,H
Dra. Alessandra Haber,M
Dra. Mayra Pinheiro,M
Duarte Gonçalves Jr,H
Duarte Jr.,H
Duda Ramos,H
Duda Salabert,M
Délio Pinheiro,H
Eduardo Barbosa,H
Eduardo Bismarck,H
Eduardo Bolsonaro,H
Eduardo Cury,H
Eduardo Velloso,H
Eduardo da Fonte,H
Elcione Barbalho,M
Eli Borges,H
Eliane Braz,M
Elisangela Araujo,M
Eliza Virgínia,M
Elmar Nascimento,H
Ely Santos,M
Emanuel Pinheiro Neto,H
Emidinho Madeira,H
Enfermeira Ana Paula,M
Enfermeira Rejane,M
Enio Verri,H
Eriberto Medeiros,H
Erika Hilton,M
Erika Kokay,M
Eros Biondini,H
Euclydes Pettersen,H
Eunício Oliveira,H
Evair Vieira de Melo,H
Fabio Garcia,H
Fabio Reis,H
Fabio Schiochet,H
Fausto Pinato,H
Fausto Santos Jr.,H
Felipe Becari,H
Felipe Carreras,H
Felipe Francischini,H
Felipe Saliba,H
Fernanda Melchionna,M
Fernanda Pessoa,M
Fernando Coelho Filho,H
Fernando Mineiro,H
Fernando Monteiro,H
Fernando Rodolfo,H
Filipe Barros,H
Filipe Martins,H
Flavinha,M
Florentino Neto,H
Flávia Morais,M
Flávio Nogueira,H
Franciane Bayer,M
Fred Costa,H
Fred Linhares,H
Fábio Henrique,H
Fábio Macedo,H
Fábio Teruel,H
Félix Mendonça Júnior,H
Gabriel Mota,H
Gabriel Nunes,H
General Girão,H
General Pazuello,H
Geovania de Sá,M
Geraldo Mendes,H
Geraldo Resende,H
Gerlen Diniz,H
Gervásio Maia,H
Giacobo,H
Gil Cutrim,H
Gilberto Abramo,H
Gilberto Nascimento,H
Gilson Daniel,H
Gilson Marques,H
Gilvan Maximo,H
Gilvan da Federal,H
Giovani Cherini,H
Gisela Simona,M
Glauber Braga,H
Glaustin da Fokus,H
Gleisi Hoffmann,M
Gláucia Santiago,M
Greyce Elias,M
Guilherme Boulos,H
Guilherme Derrite,H
Guilherme Uchoa,H
Gustavo Gayer,H
Gustinho Ribeiro,H
Gutemberg Reis,H
Heitor Schuch,H
Helder Salomão,H
Helena Lima,M
Helio Lopes,H
Henderson Pinto,H
Henrique Júnior,H
Hercílio Coelho Diniz,H
Hildo Rocha,H
Hildo do Candango,H
Hugo Leal,H
Hugo Motta,H
Hélio Leite,H
Icaro de Valmir,H
Idilvan Alencar,H
Igor Timo,H
Ismael,H
Isnaldo Bulhões Jr.,H
Ivan Junior,H
Ivan Valente,H
Ivoneide Caetano,M
Iza Arruda,M
Jack Rocha,M
Jadyel Alencar,H
Jandira Feghali,M
Jeferson Rodrigues,H
Jefferson Campos,H
Jhonatan de Jesus,H
Jilmar Tatto,H
Joaquim Passarinho,H
Jonas Donizette,H
Jones Moura,H
Jorge Braz,H
Jorge Goetten,H
Jorge Solla,H
Joseildo Ramos,H
Josenildo,H
Josias Gomes,H
Josimar Maranhãozinho,H
Josivaldo JP,H
José Airton Félix Cirilo,H
José Guimarães,H
José Medeiros,H
José Nelto,H
José Priante,H
José Rocha,H
João Carlos Bacelar,H
João Cury,H
João Daniel,H
João Leão,H
João Maia,H
Juarez Costa,H
Julia Zanatta,M
Juliana Cardoso,M
Juliana Kolankiewicz,M
Julio Arcoverde,H
Julio Cesar Ribeiro,H
Julio Lopes,H
Juninho do Pneu,H
Junio Amaral,H
Junior Lourenço,H
Juscelino Filho,H
Júlio Cesar,H
Júlio Oliveira,H
Júnior Ferrari,H
Júnior Mano,H
Katia Dias,M
Keniston Braga,H
Kiko Celeguim,H
Kim Kataguiri,H
Lafayette de Andrada,H
Laura Carneiro,M
Leandre,M
Lebrão,H
Lenir de Assis,M
Leo Prates,H
Leonardo Gadelha,H
Leonardo Monteiro,H
Leur Lomanto Júnior,H
Leônidas Cristino,H
Lincoln Portela,H
Lindbergh Farias,H
Loreny,M
Lucas Ramos,H
Lucas Redecker,H
Luciano Alves,H
Luciano Amaral,H
Luciano Azevedo,H
Luciano Bivar,H
Luciano Ducci,H
Luciano Galego,H
Luciano Vieira,H
Lucio Mosquini,H
Lucyana Genésio,M
Luis Carlos Gomes,H
Luis Tibé,H
Luisa Canziani,M
Luiz Antonio Corrêa,H
Luiz Carlos Busato,H
Luiz Carlos Hauly,H
Luiz Carlos Motta,H
Luiz Couto,H
Luiz Fernando Faria,H
Luiz Fernando Vampiro,H
Luiz Gastão,H
Luiz Lima,H
Luiz Marinho,H
Luiz Nishimori,H
Luiz Philippe de Orleans e Bragança,H
Luiza Erundina,M
Luizianne Lins,M
Lula da Fonte,H
Lázaro Botelho,H
Lêda Borges,M
Lídice da Mata,M
Magda Mofatto,M
Marangoni,H
Marcel van Hattem,H
Marcelo Calero,H
Marcelo Crivella,H
Marcelo Lima,H
Marcelo Moraes,H
Marcelo Queiroz,H
Marcelo Queiroz,H
Marcelo Ramos,H
Marcelo Álvaro Antônio,H
Marcio Alvino,H
Marco Bertaiolli,H
Marco Brasil,H
Marcon,H
Marcos Aurélio Sampaio,H
Marcos Pereira,H
Marcos Pollon,H
Marcos Soares,H
Marcos Tavares,H
Maria Arraes,M
Maria Rosas,M
Maria do Rosário,M
Mariana Carvalho,M
Marina Silva,M
Mario Frias,H
Marreca Filho,H
Marussa Boldrin,M
Marx Beltrão,H
Matheus Noronha,H
Mauricio Marcon,H
Mauricio Neves,H
Mauricio do Vôlei,H
Mauro Benevides Filho,H
Maurício Carvalho,H
Max Lemos,H
Meire Serafim,M
Mendonça Filho,H
Merlong Solano,H
Mersinho Lucena,H
Messias Donato,H
Miguel Lombardi,H
Miguel Ângelo,H
Milton Vieira,H
Misael Varella,H
Missionária Michele Collins,M
Missionário José Olimpio,H
Moses Rodrigues,H
Murillo Gouvea,H
Murilo Galdino,H
Márcio Biolchi,H
Márcio Correa,H
Márcio Honaiser,H
Márcio Jerry,H
Márcio Marinho,H
Mário Heringer,H
Mário Negromonte Jr.,H
Natália Bonavides,M
Naumi Amorim,H
Nelson Barbudo,H
Nely Aquino,M
Neto Carletto,H
Newton Bonin,H
Newton Cardoso Jr,H
Ney Leprevost,H
Nicoletti,H
Nikolas Ferreira,H
Nilto Tatto,H
Nitinho,H
Odair Cunha,H
Olival Marques,H
Orlando Silva,H
Osmar Terra,H
Osmar Terra,H
Ossesio Silva,H
Otoni de Paula,H
Otto Alencar Filho,H
Padovani,H
Padre João,H
Pastor Claudio Mariano,H
Pastor Diniz,H
Pastor Eurico,H
Pastor Gil,H
Pastor Henrique Vieira,H
Pastor Sargento Isidório,H
Patrus Ananias,H
Pauderney Avelino,H
Paulinho Freire,H
Paulinho da Força,H
Paulo Abi-Ackel,H
Paulo Alexandre Barbosa,H
Paulo Azi,H
Paulo Folletto,H
Paulo Freire Costa,H
Paulo Guedes,H
Paulo Litro,H
Paulo Magalhães,H
Paulo Marinho Jr,H
Paulo Pimenta,H
Paulo Teixeira,H
Paulão,H
Pedro Aihara,H
Pedro Campos,H
Pedro Jr,H
Pedro Lucas Fernandes,H
Pedro Lupion,H
Pedro Paulo,H
Pedro Tourinho,H
Pedro Uczai,H
Pedro Westphalen,H
Perpétua Almeida,M
Pezenti,H
Pinheirinho,H
Pompeo de Mattos,H
Pr. Marco Feliciano,H
Priscila Costa,M
Prof. Paulo Fernando,H
Prof. Reginaldo Veras,H
Professor Alcides,H
Professor Joziel,H
Professora Goreth,M
Professora Luciene Cavalcante,M
Rafael Brito,H
Rafael Prudente,H
Rafael Simoes,H
Raimundo Costa,H
Raimundo Santos,H
Raniery Paulino,H
Reginaldo Lopes,H
Reginete Bispo,M
Reimont,H
Reinhold Stephanes,H
Renan Ferreirinha,H
Renata Abreu,M
Renilce Nicodemos,M
Renildo Calheiros,H
Ribamar Silva,H
Ricardo Abrão,H
Ricardo Ayres,H
Ricardo Barros,H
Ricardo Guidi,H
Ricardo Maia,H
Ricardo Salles,H
Ricardo Silva,H
Ricardo da Karol,H
Roberta Roma,M
Roberto Duarte,H
Roberto Monteiro Pai,H
Robinson Faria,H
Robinson Faria,H
Robério Monteiro,H
Rodolfo Nogueira,H
Rodrigo Estacho,H
Rodrigo Gambale,H
Rodrigo Valadares,H
Rodrigo da Zaeli,H
Rodrigo de Castro,H
Rogéria Santos,M
Rogério Correia,H
Romero Rodrigues,H
Ronaldo Nogueira,H
Rosana Valle,M
Rosangela Gomes,M
Rosangela Moro,M
Roseana Sarney,M
Rosângela Reis,M
Rubens Otoni,H
Rubens Pereira Júnior,H
Rui Falcão,H
Ruy Carneiro,H
Samuel Viana,H
Sanderson,H
Sandro Alex,H
Sargento Fahur,H
Sargento Gonçalves,H
Sargento Portugal,H
Saullo Vianna,H
Saulo Pedroso,H
Sergio Souza,H
Sidney Leite,H
Silas Câmara,H
Silvia Cristina,M
Silvia Waiãpi,M
Silvio Antonio,H
Silvio Costa Filho,H
Silvye Alves,M
Simone Marquetto,M
Socorro Neri,M
Sonize Barbosa,M
Soraya Santos,M
Stefano Aguiar,H
Sâmia Bomfim,M
Sérgio Brito,H
Sóstenes Cavalcante,H
Tabata Amaral,M
Tadeu Oliveira,H
Tadeu Veneri,H
Talíria Petrone,M
Tarcísio Motta,H
Thiago Flores,H
Thiago de Joaldo,H
Tiririca,H
Tião Medeiros,H
Toninho Wandscheer,H
Túlio Gadêlha,H
Ulisses Guimarães,H
Valmir Assunção,H
Vander Loubet,H
Vermelho,H
Vicentinho,H
Vicentinho Júnior,H
Vinicius Carvalho,H
Vinicius Gurgel,H
Vitor Lippi,H
Waldemar Oliveira,H
Waldenor Pereira,H
Washington Quaquá,H
Weliton Prado,H
Wellington Roberto,H
Welter,H
Wilson Santiago,H
Wolmer Araújo,H
Yandra Moura,M
Yury do Paredão,H
Zeca Dirceu,H
Zezinho Barbary,H
Zucco,H
Zé Adriano,H
Zé Haroldo Cathedral,H
Zé Neto,H
Zé Silva,H
Zé Trovão,H
Zé Vitor,H
Átila Lins,H
Átila Lira,H
